Assigned to,ID,Title,Authors,Venue,Venue Acronym,Venue Type,Year,Green AI definition,Study type,Topic,Domain,Type of data,Artifact considered,Considered phase,Validation type,Considered system size,Savings,Industry involvement,Intended reader,Providing Tool,Notes,Bibtex,,Title
June,1,"Consumers are willing to pay a price for explainable, but not for green AI. Evidence from a choice-based conjoint analysis","P.D. König, S Wurster, M.B. Siewert",Big Data and Society,,J,2022,energy efficiency,observational,user values,general,-,all,all,judgement,-,-,Academic,academic,no,,"@article{Konig2022,
        author = {K{\ifmmode\ddot{o}\else\""{o}\fi}nig, Pascal D. and Wurster, Stefan and Siewert, Markus B.},
        title = {{Consumers are willing to pay a price for explainable, but not for green AI. Evidence from a choice-based conjoint analysis}},
        journal = {Big Data {\&} Society},
        volume = {9},
        number = {1},
        pages = {20539517211069632},
        year = {2022},
        month = jan,
        issn = {2053-9517},
        publisher = {SAGE Publications Ltd},
        doi = {10.1177/20539517211069632}
}",,
June,2,Data-Centric Green AI: An Exploratory Empirical Study,"R Verdecchia, L Cruz, J Sallou, M Lin, ...",ICT 4 Sustainability,ICT4S,C,2022,energy efficiency,solution,"data-centric, precision-energy-tradeoff",general,text,data,training,laboratory,5.5k,92.16%,Academic,academic,yes,,"@incollection{Verdecchia2022DataCentricGreenAI,
        author = {Verdecchia, Roberto and Cruz, Lu{\ifmmode\acute{\imath}\else\'{\i}\fi}s and Sallou, June and Lin, Michelle and Wickenden, James and Hotellier, Estelle},
        title = {{Data-Centric Green AI An Exploratory Empirical Study}},
        booktitle = {{2022 International Conference on ICT for Sustainability (ICT4S)}},
        pages = {35--45},
        year = {2022},
        month = jun,
        publisher = {IEEE},
        doi = {10.1109/ICT4S55073.2022.00015}
}",,
June,3,Energy Efficiency of Inference Algorithms for Clinical Laboratory Data Sets: Green Artificial Intelligence Study,"JR Yu, CH Chen, TW Huang, JJ Lu, CR Chung, ...",Journal of Medical …,,J,2022,energy efficiency,observational,model-comparison,health,numeric,all,inference,laboratory,843k,-,Mix,academic,no,,"@article{Yu2022Jan,
        author = {Yu, Jia-Ruei and Chen, Chun-Hsien and Huang, Tsung-Wei and Lu, Jang-Jih and Chung, Chia-Ru and Lin, Ting-Wei and Wu, Min-Hsien and Tseng, Yi-Ju and Wang, Hsin-Yao},
        title = {{Energy Efficiency of Inference Algorithms for Clinical Laboratory Data Sets: Green Artificial Intelligence Study}},
        journal = {J. Med. Internet Res.},
        volume = {24},
        number = {1},
        pages = {e28036},
        year = {2022},
        month = jan,
        publisher = {JMIR Publications Inc., Toronto, Canada},
        doi = {10.2196/28036}
}",,
June,4,Green AI,"R Schwartz, J Dodge, NA Smith, O Etzioni",Communications of the ACM,,J,2020,ecological footprint,position,"emissions, monitoring",general,-,all,all,none,-,-,Academic,academic,no,,"@article{Schwartz2020GreenAI,
        author = {Schwartz, Roy and Dodge, Jesse and Smith, Noah A. and Etzioni, Oren},
        title = {{Green AI}},
        journal = {Commun. ACM},
        volume = {63},
        number = {12},
        pages = {54--63},
        year = {2020},
        month = nov,
        issn = {0001-0782},
        publisher = {Association for Computing Machinery},
        doi = {10.1145/3381831}
}",,
June,5,Green AI for IIoT: Energy efficient intelligent edge computing for industrial internet of things,"S Zhu, K Ota, M Dong",IEEE Transactions on Green Communications and Networking,,J,2021,energy efficiency,solution,"tool, network architecture, scheduling",edge,image,"algorithm - deep learning model, pipeline",inference,laboratory,-,30%,Academic,academic,no,,"@article{Zhu2021Aug,
        author = {Zhu, Sha and Ota, Kaoru and Dong, Mianxiong},
        title = {{Green AI for IIoT: Energy Efficient Intelligent Edge Computing for Industrial Internet of Things}},
        journal = {IEEE Trans. Green Commun. Networking},
        volume = {6},
        number = {1},
        pages = {79--88},
        year = {2021},
        month = aug,
        issn = {2473-2400},
        publisher = {IEEE},
        doi = {10.1109/TGCN.2021.3100622}
}",,
June,6,Green AI: Do Deep Learning Frameworks Have Different Costs?,"S Georgiou, M Kechagia, T Sharma, F Sarro, Y Zou",International Conference on Software Engineering (ICSE),,C,2022,energy efficiency,observational,"model-comparison, libraries",general,"text, image","algorithm, pipeline",all,laboratory,-,-,Academic,academic,yes,,"@incollection{Georgiou2022May,
        author = {Georgiou, Stefanos and Kechagia, Maria and Sharma, Tushar and Sarro, Federica and Zou, Ying},
        title = {{Green AI: do deep learning frameworks have different costs?}},
        booktitle = {{ICSE '22: Proceedings of the 44th International Conference on Software Engineering}},
        pages = {1082--1094},
        year = {2022},
        month = may,
        isbn = {978-1-45039221-1},
        publisher = {Association for Computing Machinery},
        address = {New York, NY, USA},
        doi = {10.1145/3510003.3510221}
}",,
June,7,Green IoT and edge AI as key technological enablers for a sustainable digital transition towards a smart circular economy: An industry 5.0 use case,"P Fraga-Lamas, SI Lopes, TM Fernández-Caramés",Sensors,,J,2021,"energy efficiency, carbon footprint",observational,"deployment, emissions, network-architecture",edge,image,all,all,laboratory,-,-,Academic,academic,no,,"@article{Fraga-Lamas2021Aug,
        author = {Fraga-Lamas, Paula and Lopes, S{\ifmmode\acute{e}\else\'{e}\fi}rgio Ivan and Fern{\ifmmode\acute{a}\else\'{a}\fi}ndez-Caram{\ifmmode\acute{e}\else\'{e}\fi}s, Tiago M.},
        title = {{Green IoT and Edge AI as Key Technological Enablers for a Sustainable Digital Transition towards a Smart Circular Economy: An Industry 5.0 Use Case}},
        journal = {Sensors},
        volume = {21},
        number = {17},
        pages = {5745},
        year = {2021},
        month = aug,
        issn = {1424-8220},
        publisher = {Multidisciplinary Digital Publishing Institute},
        doi = {10.3390/s21175745}
}",,
June,8,Green machine learning via augmented Gaussian processes and multi-information source optimization,"A Candelieri, R Perego, F Archetti",Soft Computing,,J,2021,energy efficiency,solution,"data-centric, hyperparameter-tuning",general,numeric,data,training,laboratory,19k,-,Academic,academic,no,,"@article{Candelieri2021Oct,
        author = {Candelieri, Antonio and Perego, Riccardo and Archetti, Francesco},
        title = {{Green machine learning via augmented Gaussian processes and multi-information source optimization}},
        journal = {Soft Comput.},
        volume = {25},
        number = {19},
        pages = {12591--12603},
        year = {2021},
        month = oct,
        issn = {1433-7479},
        publisher = {Springer Berlin Heidelberg},
        doi = {10.1007/s00500-021-05684-7}
}",,
June,9,How Sustainable is Machine Learning in Energy Applications?–The Sustainable Machine Learning Balance Sheet,"S Wenninger, C Kaymakci, C Wiethe, J Römmelt, ...",International Conference on Wirtschaftsinformatik,,C,2022,"energy efficiency, carbon footprint",solution,"estimation, tool",general,-,all,all,laboratory,-,-,Mix,academic,no,,"@misc{Wenninger2022,
        author = {Wenninger, Simon and Kaymakci, Can and Wiethe, Christian and R{\ifmmode\ddot{o}\else\""{o}\fi}mmelt, J{\ifmmode\ddot{o}\else\""{o}\fi}rg and Baur, Lukas and H{\ifmmode\ddot{a}\else\""{a}\fi}ckel, Bj{\ifmmode\ddot{o}\else\""{o}\fi}rn and Sauer, Alexander},
        title = {{How Sustainable is Machine Learning in Energy Applications? {\textendash} The Sustainable Machine Learning Balance Sheet}},
        year = {2022},
       journal= {Wirtschaftsinformatik 2022 Proceedings},
        url = {https://aisel.aisnet.org/wi2022/sustainable_it/sustainable_it/1}
}",,
June,10,Is the future of AI sustainable? A case study of the European Union,"N Perucica, K Andjelkovic",Transforming Government: People …,,J,2022,ecological footprint,position,policy ,general,-,all,all,none,-,-,Academic,"policy makers, academic",no,,"@article{Perucica2022Policy,
        author = {Perucica, Natasa and Andjelkovic, Katarina},
        title = {{Is the future of AI sustainable? A case study of the European Union}},
        journal = {Transforming Government: People, Process and Policy},
        volume = {16},
        number = {3},
        pages = {347--358},
        year = {2022},
        month = jun,
        publisher = {Emerald Publishing Limited},
        doi = {10.1108/TG-06-2021-0106}
}",,
June,11,Learning sparse deep neural networks using efficient structured projections on convex constraints for green AI,"M Barlaud, F Guyard",International Conference on Pattern Recognition,,C,2021,energy efficiency,solution,"hyperparameter-tuning, algorithm-design",general,image,algorithm - deep neural network,training,laboratory,70k,-,Mix,academic,no,,"@INPROCEEDINGS{Barlaud2020DNN-HPT,
  author={Barlaud, Michel and Guyard, Frédéric},
  booktitle={2020 25th International Conference on Pattern Recognition (ICPR)}, 
  title={Learning sparse deep neural networks using efficient structured projections on convex constraints for green AI}, 
  year={2021},
  volume={},
  number={},
  pages={1566-1573},
  doi={10.1109/ICPR48806.2021.9412162}}",,
June,13,Recent implications towards sustainable and energy efficient AI and big data implementations in cloud-fog systems: A newsworthy inquiry,"H Ikhlasse, D Benjamin, C Vincent, M Hicham",Journal of King Saud University - Computer and Information Sciences,,J,2021,energy efficiency,observational,estimation,cloud,-,"hardware, architecture",all,judgement,-,-,Academic,academic,no,,"@article{Ikhlasse2022Cloud-Estimations,
        author = {Ikhlasse, Hamzaoui and Benjamin, Duthil and Vincent, Courboulay and Hicham, Medromi},
        title = {{Recent implications towards sustainable and energy efficient AI and big data implementations in cloud-fog systems: A newsworthy inquiry}},
        journal = {Journal of King Saud University - Computer and Information Sciences},
        volume = {34},
        number = {10, Part A},
        pages = {8867--8887},
        year = {2022},
        month = nov,
        issn = {1319-1578},
        publisher = {Elsevier},
        doi = {10.1016/j.jksuci.2021.11.002}
}",,
June,15,"Sustainable ai: Environmental implications, challenges and opportunities","CJ Wu, R Raghavendra, U Gupta, ...","Machine Learning and Systems Conference (MLSys)
            ",MLSys,C,2022,"ecological footprint, carbon footprint",observational,monitoring,general ,-,algorithm - general,all,field experiment,-,-,Mix,academic,no,,"@article{wu2022sustainable,
  title={Sustainable ai: Environmental implications, challenges and opportunities},
  author={Wu, Carole-Jean and Raghavendra, Ramya and Gupta, Udit and Acun, Bilge and Ardalani, Newsha and Maeng, Kiwan and Chang, Gloria and Aga, Fiona and Huang, Jinshi and Bai, Charles and others},
  journal={Proceedings of Machine Learning and Systems},
  volume={4},
  pages={795--813},
  year={2022}
}",,
June,16,Towards a sustainable artificial intelligence: A case study of energy efficiency in decision tree algorithms,"M Ferro, GD Silva, FB de Paula, ...",Concurrency and Computation: Practice and experience,,J,2021,"carbon footprint, energy efficiency",observational,"monitoring, model-comparison",general,"number, text",algorithm - decision tree,all,laboratory,5M,-,Academic,academic,yes,,"@article{Ferro2021Monitoring,
        author = {Ferro, Mariza and Silva, Gabrieli D. and de Paula, Felipe B. and Vieira, Vitor and Schulze, Bruno},
        title = {{Towards a sustainable artificial intelligence: A case study of energy efficiency in decision tree algorithms}},
        journal = {Concurrency Computat. Pract. Exper.},
        volume = {n/a},
        number = {n/a},
        pages = {e6815},
        year = {2021},
        month = dec,
        issn = {1532-0626},
        publisher = {John Wiley {\&} Sons, Ltd},
        doi = {10.1002/cpe.6815}
}",,
June,17,Energy and Policy Considerations for Deep Learning in NLP,"Strubell, Emma  and  Ganesh, Ananya and McCallum, Andrew",Annual Meeting of the Association for Computational Linguistics,,C,2019,"ecological footprint, carbon footprint, energy efficiency",observational,monitoring,general,NLP,algorithm - deep neural network,training,laboratory,-,-,Academic,academic,no,,"@inproceedings{Strubell2019Monitoring,
    title = ""Energy and Policy Considerations for Deep Learning in {NLP}"",
    author = ""Strubell, Emma  and
      Ganesh, Ananya  and
      McCallum, Andrew"",
    booktitle = ""Proceedings of the 57th Annual Meeting of the Association for Computational Linguistics"",
    month = jul,
    year = ""2019"",
    address = ""Florence, Italy"",
    publisher = ""Association for Computational Linguistics"",
    url = ""https://aclanthology.org/P19-1355"",
    doi = ""10.18653/v1/P19-1355"",
    pages = ""3645--3650"",}",,
June,18,On the Dangers of Stochastic Parrots: Can Language Models Be Too Big?,"Bender, Emily M. and Gebru, Timnit and McMillan-Major, Angelina and Shmitchell, Shmargaret","ACM Conference on Fairness, Accountability, and Transparency",,C,2021,ecological footprint,position,data-centric,general,NLP,data,training,none,-,-,Mix,academic,no,,"@incollection{Bender2021Parrots,
        author = {Bender, Emily M. and Gebru, Timnit and McMillan-Major, Angelina and Shmitchell, Shmargaret},
        title = {{On the Dangers of Stochastic Parrots: Can Language Models Be Too Big? xn--st9h}},
        booktitle = {{FAccT '21: Proceedings of the 2021 ACM Conference on Fairness, Accountability, and Transparency}},
        pages = {610--623},
        year = {2021},
        month = mar,
        isbn = {978-1-45038309-7},
        publisher = {Association for Computing Machinery},
        address = {New York, NY, USA},
        doi = {10.1145/3442188.3445922}
}",,
June,19,What can android mobile app developers do about the energy consumption of machine learning?,"A. McIntosh, S. Hassan, and A. Hindle,",Empirical Software Engineering,,J,2018,energy efficiency,observational,"model-comparison, monitoring",mobile,"number, text, image",algorithm - general,all,laboratory,32k,-,Mix,academic,no,,"@article{McIntosh2019Mobile,
        author = {McIntosh, Andrea and Hassan, Safwat and Hindle, Abram},
        title = {{What can Android mobile app developers do about the energy consumption of machine learning?}},
        journal = {Empir. Software Eng.},
        volume = {24},
        number = {2},
        pages = {562--601},
        year = {2019},
        month = apr,
        issn = {1573-7616},
        publisher = {Springer US},
        doi = {10.1007/s10664-018-9629-2}
}",,
June,21,Estimation of energy consumption in machine learning.,"García-Martín, Eva, et al",Journal of Parallel and Distributed Computing,,J,2019,energy efficiency,observational,"monitoring, tool",general,-,algorithm - decision tree,inference,laboratory,5M,-,Academic,academic,no,,"@article{garcia2019estimation,
  title={Estimation of energy consumption in machine learning},
  author={Garc{\'\i}a-Mart{\'\i}n, Eva and Rodrigues, Crefeda Faviola and Riley, Graham and Grahn, H{\aa}kan},
  journal={Journal of Parallel and Distributed Computing},
  volume={134},
  pages={75--88},
  year={2019},
  publisher={Elsevier}
}",,
June,22,Aligning artificial intelligence with climate change mitigation,"Kaack, L. H., Donti, P. L., Strubell, E., Kamiya, G., Creutzig, F., & Rolnick, D.",Nat. Clim. Change,,J,2022,carbon footprint,position,monitoring,general,-,algorithm - general,all,none,-,-,Mix,academic,no,,"@article{Kaack2022Jun,
        author = {Kaack, Lynn H. and Donti, Priya L. and Strubell, Emma and Kamiya, George and Creutzig, Felix and Rolnick, David},
        title = {{Aligning artificial intelligence with climate change mitigation}},
        journal = {Nat. Clim. Change},
        volume = {12},
        pages = {518--527},
        year = {2022},
        month = jun,
        issn = {1758-6798},
        publisher = {Nature Publishing Group},
        doi = {10.1038/s41558-022-01377-7}
}",,
June,23,DeLight: Adding Energy Dimension To Deep Neural Networks.,"Rouhani, Bita Darvish and Mirhoseini, Azalia and Koushanfar, Farinaz",International Symposium on Low Power Electronics and Design.,,C,2016,energy efficiency,solution,algorithm-design,general,"image, audio",data,training,laboratory,70k,-,Academic,academic,no,,"@incollection{Rouhani2016Aug,
        author = {Rouhani, Bita Darvish and Mirhoseini, Azalia and Koushanfar, Farinaz},
        title = {{DeLight: Adding Energy Dimension To Deep Neural Networks}},
        booktitle = {{ISLPED '16: Proceedings of the 2016 International Symposium on Low Power Electronics and Design}},
        pages = {112--117},
        year = {2016},
        month = aug,
        isbn = {978-1-45034185-1},
        publisher = {Association for Computing Machinery},
        address = {New York, NY, USA},
        doi = {10.1145/2934583.2934599}
}",,
June,24,Low-power image recognition challenge,"K. Gauen, R. Rangan, A. Mohan, Y. Lu, W. Liu and A. C. Berg",Asia and South Pacific Design Automation Conference (ASP-DAC),,C,2017,energy efficiency,observational,model-comparison,computer vision,image,all,all,laboratory,-,-,Academic,academic,no,,"@INPROCEEDINGS{7858303,
  author={Gauen, Kent and Rangan, Rohit and Mohan, Anup and Lu, Yung-Hsiang and Liu, Wei and Berg, Alexander C.},
  booktitle={2017 22nd Asia and South Pacific Design Automation Conference (ASP-DAC)}, 
  title={Low-power image recognition challenge}, 
  year={2017},
  volume={},
  number={},
  pages={99-104},
  doi={10.1109/ASPDAC.2017.7858303}}",,
June,25,Designing Energy-Efficient Convolutional Neural Networks Using Energy-Aware Pruning,"T. Yang, Y. Chen and V. Sze",IEEE Conference on Computer Vision and Pattern Recognition (CVPR),,C,2017,energy efficiency,solution,"tool, algorithm-design",computer vision,image,algorithm - convolutional neural network,inference,laboratory,1M,-,Academic,academic,no,,"@InProceedings{Yang_2017_CVPR,

author = {Yang, Tien-Ju and Chen, Yu-Hsin and Sze, Vivienne},

title = {Designing Energy-Efficient Convolutional Neural Networks Using Energy-Aware Pruning},

booktitle = {Proceedings of the IEEE Conference on Computer Vision and Pattern Recognition (CVPR)},

month = {July},

year = {2017}

}",,
June,27,An empirical study on the Performance and Energy Consumption of AI Containerization Strategies for Computer-Vision Tasks on the Edge,"Raluca Maria Hampau, Maurits Kaptein, Robin van Emden, Thomas Rost, and Ivano Malavolta",International Conference on Evaluation and Assessment in Software Engineering,,C,2022,energy efficiency,observational,libraries,"computer vision, edge",image,all,all,laboratory,106k,-,Mix,academic,no,,"@inproceedings{Hampau2022,
author = {Hampau, Raluca Maria and Kaptein, Maurits and van Emden, Robin and Rost, Thomas and Malavolta, Ivano},
title = {An Empirical Study on the Performance and Energy Consumption of AI Containerization Strategies for Computer-Vision Tasks on the Edge},
year = {2022},
isbn = {9781450396134},
publisher = {Association for Computing Machinery},
address = {New York, NY, USA},
url = {https://doi.org/10.1145/3530019.3530025},
doi = {10.1145/3530019.3530025},
booktitle = {Proceedings of the International Conference on Evaluation and Assessment in Software Engineering 2022},
pages = {50–59},
numpages = {10},
location = {Gothenburg, Sweden},
series = {EASE '22}
}",,
June,28,Energy-Efficient Machine Learning on the Edges,"M. Kumar, X. Zhang, L. Liu, Y. Wang and W. Shi",IEEE International Parallel and Distributed Processing Symposium Workshops,,W,2020,energy efficiency,solution,monitoring,edge,"text, number",algorithm - general,training,laboratory,10k,14.46%,Academic,academic,yes,,"@INPROCEEDINGS{Kumar2020,
  author={Kumar, Mohit and Zhang, Xingzhou and Liu, Liangkai and Wang, Yifan and Shi, Weisong},
  booktitle={2020 IEEE International Parallel and Distributed Processing Symposium Workshops (IPDPSW)}, 
  title={Energy-Efficient Machine Learning on the Edges}, 
  year={2020},
  volume={},
  number={},
  pages={912-921},
  doi={10.1109/IPDPSW50202.2020.00153}}",,
June,29,Evaluating the Energy Efficiency of Deep Convolutional Neural Networks on CPUs and GPUs,"D. Li, X. Chen, M. Becchi and Z. Zong","IEEE International Conferences on Big Data and Cloud Computing, Social Computing and Networking, Sustainable Computing and Communications",,C,2016,energy efficiency,observational,"monitoring, model-comparison, libraries",general,-,algorithm - convolutional neural network ,training,laboratory,-,-,Academic,academic,no,,"@INPROCEEDINGS{Li2016,
  author={Li, Da and Chen, Xinbo and Becchi, Michela and Zong, Ziliang},
  booktitle={2016 IEEE International Conferences on Big Data and Cloud Computing (BDCloud), Social Computing and Networking (SocialCom), Sustainable Computing and Communications (SustainCom) (BDCloud-SocialCom-SustainCom)}, 
  title={Evaluating the Energy Efficiency of Deep Convolutional Neural Networks on CPUs and GPUs}, 
  year={2016},
  volume={},
  number={},
  pages={477-484},
  doi={10.1109/BDCloud-SocialCom-SustainCom.2016.76}}",,
June,30,E2-Train: Training State-of-the-art CNNs with Over 80% Energy Savings,"Wang, Yue and Jiang, Ziyu and Chen, Xiaohan and Xu, Pengfei and Zhao, Yang and Lin, Yingyan and Wang, Zhangyang",Advances in Neural Information Processing Systems 32,,C,2019,energy efficiency,solution,precision-energy-tradeoff,edge,image,all,training,laboratory,-,90%,Academic,academic,no,,"@inproceedings{Wang2019,
 author = {Wang, Yue and Jiang, Ziyu and Chen, Xiaohan and Xu, Pengfei and Zhao, Yang and Lin, Yingyan and Wang, Zhangyang},
 booktitle = {Advances in Neural Information Processing Systems},
 editor = {H. Wallach and H. Larochelle and A. Beygelzimer and F. d\textquotesingle Alch\'{e}-Buc and E. Fox and R. Garnett},
 pages = {},
 publisher = {Curran Associates, Inc.},
 title = {E2-Train: Training State-of-the-art CNNs with Over 80\% Energy Savings},
 url = {https://proceedings.neurips.cc/paper/2019/file/663772ea088360f95bac3dc7ffb841be-Paper.pdf},
 volume = {32},
 year = {2019}
}",,
June,31,pCAMP: Performance Comparison of Machine Learning Packages on the Edges,"Xingzhou Zhang, Yifan Wang, and Weisong Shi.",USENIX Workshop on Hot Topics in Edge Computing,,W,2018, energy efficiency,observational,libraries,edge,image,all,inference,laboratory,-,-,Academic,academic,no,,"@inproceedings{zhang2018,
  title={$\{$pCAMP$\}$: Performance Comparison of Machine Learning Packages on the Edges},
  author={Zhang, Xingzhou and Wang, Yifan and Shi, Weisong},
  booktitle={USENIX workshop on hot topics in edge computing (HotEdge 18)},
  year={2018}
}",,
June,32,Sparse Optimization for Green Edge AI Inference,"X. Yang, S. Hua, Y. Shi, H. Wang, J. Zhang and K. B. Letaief",Journal of Communications and Information Networks,,J,2020,energy efficiency,solution,"deployment, tool",edge,image,all,inference,laboratory,-,-,Academic,academic,no,,"@ARTICLE{Yang2020,
  author={Yang, Xiangyu and Hua, Sheng and Shi, Yuanming and Wang, Hao and Zhang, Jun and Letaief, Khaled B.},
  journal={Journal of Communications and Information Networks}, 
  title={Sparse Optimization for Green Edge AI Inference}, 
  year={2020},
  volume={5},
  number={1},
  pages={1-15},
  doi={10.23919/JCIN.2020.9055106}}",,
June,33,Towards the Systematic Reporting of the Energy and Carbon Footprints of Machine Learning,Peter Henderson and Jieru Hu and Joshua Romoff and Emma Brunskill and Dan Jurafsky and Joelle Pineau,Journal of Machine Learning Research,,J,2020,"energy efficiency, carbon footprint",solution,"monitoring, tool",general,"image, text",algorithm,all,laboratory,5M,-,Mix,academic,yes,,"@article{Henderson2020,
  author  = {Peter Henderson and Jieru Hu and Joshua Romoff and Emma Brunskill and Dan Jurafsky and Joelle Pineau},
  title   = {Towards the Systematic Reporting of the Energy and Carbon Footprints of Machine Learning},
  journal = {Journal of Machine Learning Research},
  year    = {2020},
  volume  = {21},
  number  = {248},
  pages   = {1--43},
  url     = {http://jmlr.org/papers/v21/20-312.html}
}",,
June,35,NeuralPower: Predict and Deploy Energy-Efficient Convolutional Neural Networks,"Cai, E., Juan, D.-C., Stamoulis, D., & Marculescu, D.",Asian Conference on Machine Learning,,C,2017,energy efficiency,solution,"monitoring, tool, model-comparison",edge,-,algorithm,inference,laboratory,1.2k,-,Mix,academic,no,,"
@InProceedings{Cai2017,
  title =          {\emph{NeuralPower}: Predict and Deploy Energy-Efficient Convolutional Neural Networks},
  author =          {Cai, Ermao and Juan, Da-Cheng and Stamoulis, Dimitrios and Marculescu, Diana},
  booktitle =          {Proceedings of the Ninth Asian Conference on Machine Learning},
  pages =          {622--637},
  year =          {2017},
  editor =          {Zhang, Min-Ling and Noh, Yung-Kyun},
  volume =          {77},
  series =          {Proceedings of Machine Learning Research},
  address =          {Yonsei University, Seoul, Republic of Korea},
  month =          {15--17 Nov},
  publisher =    {PMLR},
  pdf =          {http://proceedings.mlr.press/v77/cai17a/cai17a.pdf},
  url =          {https://proceedings.mlr.press/v77/cai17a.html},
}",,
June,36,"UbiPriSEQ—Deep Reinforcement Learning to Manage Privacy, Security, Energy, and QoS in 5G IoT HetNets","Thaha Mohammed, Aiiad Albeshri, Iyad Katib, Rashid Mehmood",Applied sciences,,J,2020,energy efficiency,solution,"deployment, network architecture",edge,-,all,all,laboratory,-,-,Academic,academic,no,,"@article{Mohammed2020,
        author = {Mohammed, Thaha and Albeshri, Aiiad and Katib, Iyad and Mehmood, Rashid},
        title = {{UbiPriSEQ{\ifmmode---\else\textemdash\fi}Deep Reinforcement Learning to Manage Privacy, Security, Energy, and QoS in 5G IoT HetNets}},
        journal = {Appl. Sci.},
        volume = {10},
        number = {20},
        pages = {7120},
        year = {2020},
        month = oct,
        issn = {2076-3417},
        publisher = {Multidisciplinary Digital Publishing Institute},
        doi = {10.3390/app10207120}
}",,
June,37,Challenges in Energy-Efficient Deep Neural Network Training with FPGA,"Yudong Tao, Rui Ma, Mei-Ling Shyu, Shu-Ching Chen",Conference on Computer Vision and Pattern Recognition,CVPR,C,2020,energy efficiency,observational,"monitoring, deployment","edge, computer vision","video, image",algorithm - deep neural network,training,laboratory,-,-,Academic,academic,no,,"@InProceedings{Tao2020,

author = {Tao, Yudong and Ma, Rui and Shyu, Mei-Ling and Chen, Shu-Ching},

title = {Challenges in Energy-Efficient Deep Neural Network Training With FPGA},

booktitle = {Proceedings of the IEEE/CVF Conference on Computer Vision and Pattern Recognition (CVPR) Workshops},

month = {June},

year = {2020}

}",,
June,41,Carbontracker: monitoring and Predicting the Carbon Footprint of Training Deep Learning Models,"Lasse F. Wolff Anthony, Benjamin Kanding, Raghavendra Selvan",Challenges in Deploying and monitoring Machine Learning Systems,,W,2020,"energy efficiency, carbon footprint",solution,"monitoring, tool",general,image,algorithm,training,laboratory,2.4k,-,Academic,academic,yes,,"@misc{anthony2020carbontracker,
  title={Carbontracker: Tracking and Predicting the Carbon Footprint of Training Deep Learning Models},
  author={Lasse F. Wolff Anthony and Benjamin Kanding and Raghavendra Selvan},
  howpublished={ICML Workshop on Challenges in Deploying and monitoring Machine Learning Systems},
  month={July},
  note={arXiv:2007.03051},
  year={2020}}",,
June,43,Identification of energy hotspots: a case study of the very fast decision tree.,"Martin EG, Lavesson N, Grahn H","International Conference on Green, Pervasive, and Cloud Computing",,C,2017,energy efficiency,solution,"monitoring, tool, hyperparameter-tuning",general,"text, numeric",algorithm,training,laboratory,40M,76.24%,Academic,academic,no,,"@incollection{Garcia-Martin2017,
        author = {Garcia-Martin, Eva and Lavesson, Niklas and Grahn, H{\aa}kan},
        title = {{Identification of Energy Hotspots: A Case Study of the Very Fast Decision Tree}},
        booktitle = {{Green, Pervasive, and Cloud Computing}},
        journal = {SpringerLink},
        pages = {267--281},
        year = {2017},
        month = apr,
        publisher = {Springer},
        address = {Cham, Switzerland},
        doi = {10.1007/978-3-319-57186-7_21}
}",,
June,44,Energy-aware very fast decision tree,"Eva García-Martín, Niklas Lavesson, Håkan Grahn, Emiliano Casalicchio, Veselka Boeva",International Journal of Data Science and Analytics,,J,2021,energy efficiency,solution,algorithm-design,general,text,algorithm - decision tree,training,laboratory,15k,31%,Academic,academic,no,,"@article{Garcia-Martin2021,
        author = {Garc{\ifmmode\acute{\imath}\else\'{\i}\fi}a-Mart{\ifmmode\acute{\imath}\else\'{\i}\fi}n, Eva and Lavesson, Niklas and Grahn, H{\aa}kan and Casalicchio, Emiliano and Boeva, Veselka},
        title = {{Energy-aware very fast decision tree}},
        journal = {Int. J. Data Sci. Anal.},
        volume = {11},
        number = {2},
        pages = {105--126},
        year = {2021},
        month = mar,
        issn = {2364-4168},
        publisher = {Springer International Publishing},
        doi = {10.1007/s41060-021-00246-4}
}",,
June,45,A Preliminary Analysis on Software Frameworks for the Development of Spiking Neural Networks.,"García-Vico, Á. M., & Herrera, F",Hybrid Artificial Intelligent Systems,,C,2021,energy efficiency,observational,libraries,general,-,algorithm - deep neural network,training,laboratory,-,-,Academic,academic,no,,"@incollection{Garcia-Vico2021,
        author = {Garc{\ifmmode\acute{\imath}\else\'{\i}\fi}a-Vico, {\ifmmode\acute{A}\else\'{A}\fi}ngel M. and Herrera, Francisco},
        title = {{A Preliminary Analysis on Software Frameworks for the Development of Spiking Neural Networks}},
        booktitle = {{Hybrid Artificial Intelligent Systems}},
        journal = {SpringerLink},
        pages = {564--575},
        year = {2021},
        month = sep,
        publisher = {Springer},
        address = {Cham, Switzerland},
        doi = {10.1007/978-3-030-86271-8_47}
}",,
June,46,A Survey on Variational Autoencoders from a Green AI Perspective,"Asperti, A., Evangelista, D., & Loli Piccolomini, E",SN Computing Science,,J,2021,"energy efficiency, carbon footprint",observational,model-comparison,general,image,algorithm - deep neural network,training,laboratory,10k,-,Academic,academic,no,,"@article{Asperti2021,
        author = {Asperti, Andrea and Evangelista, Davide and Loli Piccolomini, Elena},
        title = {{A Survey on Variational Autoencoders from a Green AI Perspective}},
        journal = {SN Comput. Sci.},
        volume = {2},
        number = {4},
        pages = {1--23},
        year = {2021},
        month = jul,
        issn = {2661-8907},
        publisher = {Springer Singapore},
        doi = {10.1007/s42979-021-00702-9}
}",,
June,47,Characterizing the Efficiency vs. Accuracy Trade-off for Long-Context NLP Models,"P Ang, B Dhingra, LW Wills",Proceedings of NLP Power! The First Workshop on Efficient Benchmarking in NLP,,W,2022,energy efficiency,solution,"data-centric, precision-energy-tradeoff",general,NLP,data ,training,laboratory,21k,-,Academic,academic,no,,"@inproceedings{Ang2022,
    title = ""Characterizing the Efficiency vs. Accuracy Trade-off for Long-Context {NLP} Models"",
    author = ""Ang, Phyllis  and
      Dhingra, Bhuwan  and
      Wu Wills, Lisa"",
    booktitle = ""Proceedings of NLP Power! The First Workshop on Efficient Benchmarking in NLP"",
    month = may,
    year = ""2022"",
    address = ""Dublin, Ireland"",
    publisher = ""Association for Computational Linguistics"",
    url = ""https://aclanthology.org/2022.nlppower-1.12"",
    doi = ""10.18653/v1/2022.nlppower-1.12"",
    pages = ""113--121"",}",,
June,48,Design considerations for energy-efficient inference on edge devices,"WA Hanafy, T Molom-Ochir, R Shenoy",e-Energy '21: Proceedings of the Twelfth ACM International Conference on Future Energy Systems,,C,2021,energy efficiency,observational,model-comparison,edge,image,algorithm - deep neural network,training,laboratory,328k,-,Academic,academic,no,,"@incollection{Hanafy2021Jun,
        author = {Hanafy, Walid A. and Molom-Ochir, Tergel and Shenoy, Rohan},
        title = {{Design Considerations for Energy-efficient Inference on Edge Devices}},
        booktitle = {{e-Energy '21: Proceedings of the Twelfth ACM International Conference on Future Energy Systems}},
        pages = {302--308},
        year = {2021},
        month = jun,
        isbn = {978-1-45038333-2},
        publisher = {Association for Computing Machinery},
        address = {New York, NY, USA},
        doi = {10.1145/3447555.3465326}
}",,
June,49,Green algorithms: quantifying the carbon footprint of computation,"L Lannelongue, J Grealey, M Inouye",Advanced science,,J,2021,carbon footprint,solution,"monitoring, tool",general,-,algorithm - general,training,computer simulation,-,-,Academic,industrial,no,,"@article{Lannelongue2021,
        author = {Lannelongue, Lo{\ifmmode\ddot{\imath}\else\""{\i}\fi}c and Grealey, Jason and Inouye, Michael},
        title = {{Green Algorithms: Quantifying the Carbon Footprint of Computation}},
        journal = {Adv. Sci.},
        volume = {8},
        number = {12},
        pages = {2100707},
        year = {2021},
        month = jun,
        issn = {2198-3844},
        publisher = {John Wiley {\&} Sons, Ltd},
        doi = {10.1002/advs.202100707}
}
  year={2020}}",,
June,50,Hyperparameter power impact in transformer language model training,"LHP de Chavannes, MGK Kongsbak…",Proceedings of the Workshop on Simple and Efficient Natural Language Processing,,W,2021,energy efficiency,observational,hyperparameter-tuning,general,text,algorithm - deep neural network,training,laboratory,100k,-,Academic,academic,no,,"@inproceedings{Puvis2021Hyperparameter,
    title = ""Hyperparameter Power Impact in Transformer Language Model Training"",
    author = ""Puvis de Chavannes, Lucas H{\o}yberg  and
      Kongsbak, Mads Guldborg Kjeldgaard  and
      Rantzau, Timmie  and
      Derczynski, Leon"",
    booktitle = ""Proceedings of the Second Workshop on Simple and Efficient Natural Language Processing"",
    month = nov,
    year = ""2021"",
    address = ""Virtual"",
    publisher = ""Association for Computational Linguistics"",
    url = ""https://aclanthology.org/2021.sustainlp-1.12"",
    doi = ""10.18653/v1/2021.sustainlp-1.12"",
    pages = ""96--118"",}",,
June,51,Knowledge Distillation: A Method for Making Neural Machine Translation More Efficient,"W Jooste, R Haque, A Way","Information, MDPI",,J,2022,carbon footprint,observational,hyperparameter-tuning,general,text,algorithm - deep neural network,training,laboratory,2M,50%,Academic,academic,no,,"@article{Jooste2022Feb,
        author = {Jooste, Wandri and Haque, Rejwanul and Way, Andy},
        title = {{Knowledge Distillation: A Method for Making Neural Machine Translation More Efficient}},
        journal = {Information},
        volume = {13},
        number = {2},
        pages = {88},
        year = {2022},
        month = feb,
        issn = {2078-2489},
        publisher = {Multidisciplinary Digital Publishing Institute},
        doi = {10.3390/info13020088}
}",,
June,52,Measuring the Carbon Intensity of AI in Cloud Instances,"J Dodge, T Prewitt, R Tachet des Combes","Conference on Fairness, Accountability, and Transparency",,C,2022,carbon footprint,observational,"deployment, monitoring",cloud,"NLP, image",all ,all,field experiment,30K,-,Mix,academic,no,,"@incollection{Dodge2022Jun,
        author = {Dodge, Jesse and Prewitt, Taylor and Tachet des Combes, Remi and Odmark, Erika and Schwartz, Roy and Strubell, Emma and Luccioni, Alexandra Sasha and Smith, Noah A. and DeCario, Nicole and Buchanan, Will},
        title = {{Measuring the Carbon Intensity of AI in Cloud Instances}},
        booktitle = {{FAccT '22: 2022 ACM Conference on Fairness, Accountability, and Transparency}},
        pages = {1877--1894},
        year = {2022},
        month = jun,
        isbn = {978-1-45039352-2},
        publisher = {Association for Computing Machinery},
        address = {New York, NY, USA},
        doi = {10.1145/3531146.3533234}
}",,
June,53,New universal sustainability metrics to assess edge intelligence,"N Lenherr, R Pawlitzek, B Michel",Sustainable Computing: Informatics and Systems,,J,2021,energy efficiency,solution,monitoring,edge,"numeric, image, audio",algorithm - deep neural network,all,field experiment,3k,-,Mix,mix,no,,"@article{Lenherr2021Sep,
        author = {Lenherr, Nicola and Pawlitzek, Ren{\ifmmode\acute{e}\else\'{e}\fi} and Michel, Bruno},
        title = {{New universal sustainability metrics to assess edge intelligence}},
        journal = {Sustainable Computing: Informatics and Systems},
        volume = {31},
        pages = {100580},
        year = {2021},
        month = sep,
        issn = {2210-5379},
        publisher = {Elsevier},
        doi = {10.1016/j.suscom.2021.100580}
}",,
June,54,On the environmental sustainability of Ai art (s),"P Jääskeläinen, A Holzapfel…",Workshop on computing within limits,,W,2021,ecological footprint,position,monitoring,general,image,all ,all,none,-,-,Academic,mix,no,,"@inproceedings{jaaskelainen2022,
  title={On the environmental sustainability of Ai art (s)},
  author={J{\""a}{\""a}skel{\""a}inen, Petra and Pargman, Daniel and Holzapfel, Andr{\'e}},
  booktitle={Eighth Workshop on Computing within Limits},
  year={2022}
}",,
June,55,"On the Tradeoff between Energy, Precision, and Accuracy in Federated Quantized Neural Networks","M Kim, W Saad, M Mozaffari, M Debbah",IEEE International Conference on Communications,,C,2021,energy efficiency,solution,"hyperparameter-tuning, precision-energy-tradeoff",general,-,algorithm - general,training,computer simulation,-,53%,Mix,academic,no,,"@INPROCEEDINGS{Kim2022,
  author={Kim, Minsu and Saad, Walid and Mozaffari, Mohammad and Debbah, Merouane},
  booktitle={ICC 2022 - IEEE International Conference on Communications}, 
  title={On the Tradeoff between Energy, Precision, and Accuracy in Federated Quantized Neural Networks}, 
  year={2022},
  volume={},
  number={},
  pages={2194-2199},
  doi={10.1109/ICC45855.2022.9838362}}",,
June,56,Performance and Efficiency Evaluation of ASR Inference on the Edge,"S Gondi, V Pratap","Sustainability, MDPI",,J,2021,energy efficiency,observational,deployment,edge,NLP,all ,inference,laboratory,1k,-,Industrial,academic,no,,"@article{Gondi2021Nov,
        author = {Gondi, Santosh and Pratap, Vineel},
        title = {{Performance and Efficiency Evaluation of ASR Inference on the Edge}},
        journal = {Sustainability},
        volume = {13},
        number = {22},
        pages = {12392},
        year = {2021},
        month = nov,
        issn = {2071-1050},
        publisher = {Multidisciplinary Digital Publishing Institute},
        doi = {10.3390/su132212392}
}",,
June,57,Towards Accurate and Reliable Energy Measurement of NLP Models,"Qingqing Cao, Aruna Balasubramanian, Niranjan Balasubramanian",SustaiNLP,,J,2021,energy efficiency,observational,"monitoring, tool, model-comparison",general,NLP,all ,training,laboratory,-,-,Academic,academic,no,,"@inproceedings{Cao2020,
    title = ""Towards Accurate and Reliable Energy Measurement of {NLP} Models"",
    author = ""Cao, Qingqing  and
      Balasubramanian, Aruna  and
      Balasubramanian, Niranjan"",
    booktitle = ""Proceedings of SustaiNLP: Workshop on Simple and Efficient Natural Language Processing"",
    month = nov,
    year = ""2020"",
    address = ""Online"",
    publisher = ""Association for Computational Linguistics"",
    url = ""https://aclanthology.org/2020.sustainlp-1.19"",
    doi = ""10.18653/v1/2020.sustainlp-1.19"",
    pages = ""141--148"",}",,
June,58,Rebound Effects in Methods of Artificial Intelligence,"M Willenbacher, T Hornauer, V Wohlgemuth",Environmental Informatics,,C,2021,"energy efficiency, carbon footprint",position,rebound effects,general,-,all ,all,none,-,-,Academic,general,no,,"@incollection{Willenbacher2021Rebound,
        author = {Willenbacher, Martina and Hornauer, Torsten and Wohlgemuth, Volker},
        title = {{Rebound Effects in Methods of Artificial Intelligence}},
        booktitle = {{Advances and New Trends in Environmental Informatics}},
        journal = {SpringerLink},
        pages = {73--85},
        year = {2021},
        month = dec,
        publisher = {Springer},
        address = {Cham, Switzerland},
        doi = {10.1007/978-3-030-88063-7_5}
}",,
Rob,59,The AI carbon footprint and responsibilities of AI scientists,G Tamburrini,Philipsophies,,J,2022,carbon footprint,position,ethics,general,-,all ,all,none,-,-,Academic,general,no,,"@article{Tamburrini2022Jan,
        author = {Tamburrini, Guglielmo},
        title = {{The AI Carbon Footprint and Responsibilities of AI Scientists}},
        journal = {Philosophies},
        volume = {7},
        number = {1},
        pages = {4},
        year = {2022},
        month = jan,
        issn = {2409-9287},
        publisher = {Multidisciplinary Digital Publishing Institute},
        doi = {10.3390/philosophies7010004}
}",,
Rob,61,"The carbon footprint of machine learning training will plateau, then shrink","D Patterson, J Gonzalez, U Hölzle, Q Le, C Liang…",Computer,,J,2022,carbon footprint,position,emissions,general,-,all,all,none,-,-,Mix,general,no,,"@ARTICLE{Patterson2022,
  author={Patterson, David and Gonzalez, Joseph and Hölzle, Urs and Le, Quoc and Liang, Chen and Munguia, Lluis-Miquel and Rothchild, Daniel and So, David R. and Texier, Maud and Dean, Jeff},
  journal={Computer}, 
  title={The Carbon Footprint of Machine Learning Training Will Plateau, Then Shrink}, 
  year={2022},
  volume={55},
  number={7},
  pages={18-28},
  doi={10.1109/MC.2022.3148714}}",,
Rob,62,Towards Energy-efficient Federated Edge Intelligence for IoT Networks,"Q Wang, Y Xiao, H Zhu, Z Sun, Y Li",41st International Conference on Distributed Computing Systems Workshops ,,C,2021,energy efficiency,solution,"model-comparison, hyperparameter-tuning",edge,image,algorithm - federated learning,training,laboratory,70k,49.80%,Academic,academic,no,,"@INPROCEEDINGS{Wang2021,
  author={Wang, Qu and Xiao, Yong and Zhu, Huixiang and Sun, Zijian and Li, Yingyu and Ge, Xiaohu},
  booktitle={2021 IEEE 41st International Conference on Distributed Computing Systems Workshops (ICDCSW)}, 
  title={Towards Energy-efficient Federated Edge Intelligence for IoT Networks}, 
  year={2021},
  volume={},
  number={},
  pages={55-62},
  doi={10.1109/ICDCSW53096.2021.00016}}",,
Rob,63,Unraveling the Hidden Environmental Impacts of AI Solutions for Environment Life Cycle Assessment of AI Solutions,,Sustainability,,J,2022,carbon footprint,position,monitoring,general,-,all,all,none,-,-,Academic,academic,no,,"@article{Ligozat2022Apr,
        author = {Ligozat, Anne-Laure and Lefevre, Julien and Bugeau, Aur{\ifmmode\acute{e}\else\'{e}\fi}lie and Combaz, Jacques},
        title = {{Unraveling the Hidden Environmental Impacts of AI Solutions for Environment Life Cycle Assessment of AI Solutions}},
        journal = {Sustainability},
        volume = {14},
        number = {9},
        pages = {5172},
        year = {2022},
        month = apr,
        issn = {2071-1050},
        publisher = {Multidisciplinary Digital Publishing Institute},
        doi = {10.3390/su14095172}
}",,
Rob,64,Hyperpower: Power-and memory-constrained hyper-parameter optimization for neural networks,"Stamoulis D., Cai E., Juan D.-C., Marculescu D.",Journal of Parallel and Distributed Computing,,J,2019,energy efficiency,solution,"tool, hyperparameter-tuning",general,-,algorithm - neural network,training,laboratory,-,-,Mix,mix,yes,,"@INPROCEEDINGS{Stamoulis2018,
  author={Stamoulis, Dimitrios and Cai, Ermao and Juan, Da-Cheng and Marculescu, Diana},
  booktitle={2018 Design, Automation & Test in Europe Conference & Exhibition (DATE)}, 
  title={HyperPower: Power- and memory-constrained hyper-parameter optimization for neural networks}, 
  year={2018},
  volume={},
  number={},
  pages={19-24},
  doi={10.23919/DATE.2018.8341973}}",,
Rob,65,Synergy: An energy measurement and prediction framework for convolutional neural networks on Jetson TX1,"Rodrigues C.F., Riley G., Luján M.",International Conference on Parallel and Distributed Processing Techniques and Applications,,C,2018,energy efficiency,solution,"tool, monitoring",general,-,algorithm - convolutional neural network,all,laboratory,-,-,Academic,mix,yes,,"@inproceedings{rodrigues2018,
  title={SyNERGY: An energy measurement and prediction framework for Convolutional Neural Networks on Jetson TX1},
  author={Rodrigues, Crefeda Faviola and Riley, Graham and Luj{\'a}n, Mikel},
  booktitle={Proceedings of the International Conference on Parallel and Distributed Processing Techniques and Applications (PDPTA)},
  pages={375--382},
  year={2018},
  organization={The Steering Committee of The World Congress in Computer Science, Computer~…}
}",,
Rob,67,Sponge examples: Energy-latency attacks on neural networks,"Shumailov, I., Zhao, Y., Bates, D., Papernot, N., Mullins, R., & Anderson, R. ",IEEE European Symposium on Security and Privacy (EuroS&P) ,,C,2021,energy efficiency,observational,security,cloud,text,data,training,field experiment,-,-,Academic,academic,no,,"@inproceedings{shumailov2021,
  title={Sponge examples: Energy-latency attacks on neural networks},
  author={Shumailov, Ilia and Zhao, Yiren and Bates, Daniel and Papernot, Nicolas and Mullins, Robert and Anderson, Ross},
  booktitle={2021 IEEE European Symposium on Security and Privacy (EuroS\&P)},
  pages={212--231},
  year={2021},
  organization={IEEE}
}",,
Rob,68,Exploring the accuracy–energy trade-off in machine learning,"Brownlee, A. E., Adair, J., Haraldsson, S. O., & Jabbo, J. ",IEEE/ACM International Workshop on Genetic Improvement,,W,2021,energy efficiency,observational,"hyperparameter-tuning, precision-energy-tradeoff",general,text,algorithm - general,training,laboratory,500k,70%,Academic,academic,no,,"@inproceedings{brownlee2021,
  title={Exploring the accuracy--energy trade-off in machine learning},
  author={Brownlee, Alexander EI and Adair, Jason and Haraldsson, Saemundur O and Jabbo, John},
  booktitle={2021 IEEE/ACM International Workshop on Genetic Improvement (GI)},
  pages={11--18},
  year={2021},
  organization={IEEE}
}",,
Rob,69,Evaluating and analyzing the energy efficiency of CNN inference on high‐performance GPU,"Yao, C., Liu, W., Tang, W., Guo, J., Hu, S., Lu, Y., & Jiang, W. ","Concurrency and Computation: Practice and Experience,",,J,2021,energy efficiency,observational,"model-comparison, libraries",general,image,algorithm - convolutional neural network,all,laboratory,1.5M,53%,Mix,academic,no,,"@article{Yao2021,
  title={Evaluating and analyzing the energy efficiency of CNN inference on high-performance GPU},
  author={Yao, Chunrong and Liu, Wantao and Tang, Weiqing and Guo, Jinrong and Hu, Songlin and Lu, Yijun and Jiang, Wei},
  journal={Concurrency and Computation: Practice and Experience},
  volume={33},
  number={6},
  pages={e6064},
  year={2021},
  publisher={Wiley Online Library}
}",,
Rob,70,Environmentally-Friendly Metrics for Evaluating the Performance of Deep Learning Models and Systems,"Jurj, Sorin Liviu, Flavius Opritoiu, and Mircea Vladutiu",International Conference on Neural Information Processing,,C,2020,carbon footprint,solution,monitoring,general,video,algorithm - deep learning,training,laboratory,-,-,Academic,mix,no,"The low mention of # datapoints is w.h.p. due to the high reuse of pre-trained models (e.g., in this case)","@inproceedings{Jurj2020,
  title={Environmentally-friendly metrics for evaluating the performance of deep learning models and systems},
  author={Jurj, Sorin Liviu and Opritoiu, Flavius and Vladutiu, Mircea},
  booktitle={International Conference on Neural Information Processing},
  pages={232--244},
  year={2020},
  organization={Springer}
}",,
Rob,71,Energy Minimization for Federated Asynchronous Learning on Battery-Powered Mobile Devices via Application Co-running,"Wang, Cong, Bin Hu, and Hongyi Wu",International Conference on Distributed Computing Systems,,C,2022,energy efficiency,observational,deployment,mobile,image,"algorithm - federated learning, algorithm - deep learning",training,laboratory,60k,50%,Academic,academic,no,,"@INPROCEEDINGS{Wang2022Federated,
  author={Wang, Cong and Hu, Bin and Wu, Hongyi},
  booktitle={2022 IEEE 42nd International Conference on Distributed Computing Systems (ICDCS)}, 
  title={Energy Minimization for Federated Asynchronous Learning on Battery-Powered Mobile Devices via Application Co-running}, 
  year={2022},
  volume={},
  number={},
  pages={939-949},
  doi={10.1109/ICDCS54860.2022.00095}}",,
Rob,72,Data Set Reduction to Improve Computing Efficiency and Energy Consumption in Healthcare Domain,"Dhabe, P., Mirani, P., Chugwani, R., & Gandewar, S.",Digital Literacy and Socio-Cultural Acceptance of ICT in Developing Countries,,J,2021,energy efficiency,solution,data-centric,general,image,data,training,laboratory,839k,24%,Academic,academic,no,,"@incollection{Dhabe2021,
  title={Data Set Reduction to Improve Computing Efficiency and Energy Consumption in Healthcare Domain},
  author={Dhabe, Priyadarshan and Mirani, Param and Chugwani, Rahul and Gandewar, Sadanand},
  booktitle={Digital Literacy and Socio-Cultural Acceptance of ICT in Developing Countries},
  pages={53--64},
  year={2021},
  publisher={Springer}
}",,
Rob,73,GPU Power Capping for Energy-Performance Trade-Offs in Training of Deep Convolutional Neural Networks for Image Recognition,"Krzywaniak, A., Czarnul, P., & Proficz, J. ",International Conference on Computational Science,,C,2022,energy efficiency,solution,energy capping,general,image,CPU,training,laboratory,132k,32.50%,Academic,academic,no,,"@inproceedings{krzywaniak2022gpu,
  title={GPU Power Capping for Energy-Performance Trade-Offs in Training of Deep Convolutional Neural Networks for Image Recognition},
  author={Krzywaniak, Adam and Czarnul, Pawel and Proficz, Jerzy},
  booktitle={International Conference on Computational Science},
  pages={667--681},
  year={2022},
  organization={Springer}
}",,
Rob,74,Energy Usage of Deep Learning in Smart Cities,"Puangpontip, S., & Hewett, R. ",International Conference on Computational Science and Computational Intelligence,,C,2020,energy efficiency,solution,"monitoring, estimation",smart cities,-,algorithm - deep neural network,all,computer simulation,-,-,Academic,academic,no,,"@inproceedings{puangpontip2020Smartcities,
  title={Energy Usage of Deep Learning in Smart Cities},
  author={Puangpontip, Supadchaya and Hewett, Rattikorn},
  booktitle={2020 International Conference on Computational Science and Computational Intelligence (CSCI)},
  pages={1143--1148},
  year={2020},
  organization={IEEE}
}",,
Rob,75,Transforming Deep Learning Models for Resource-Efficient Activity Recognition on Mobile Devices,"Bursa, S. O., Incel, O. D., & Alptekin, G. I.",5th Conference on Cloud and Internet of Things,,C,2022,energy efficiency,observational,model-comparison,"mobile, human activity","numeric, text",algorithm - deep neural network,training,laboratory,"6,4M",-,Academic,academic,no,,"@inproceedings{bursa2022mobile,
  title={Transforming Deep Learning Models for Resource-Efficient Activity Recognition on Mobile Devices},
  author={Bursa, Sevda Ozge and Incel, Ozlem Durmaz and Alptekin, Gulfem Isiklar},
  booktitle={2022 5th Conference on Cloud and Internet of Things (CIoT)},
  pages={83--89},
  year={2022},
  organization={IEEE}
}",,
Rob,76,Population size influence on the energy consumption of genetic programming,"Díaz-Álvarez, J., Castillo, P. A., Fernández de Vega, F., Chávez, F., & Alvarado, J.",Measurement and Control ,,J,2022,energy efficiency,observational,data-centric,general,-,"data, algorithm - genetic algorithm",training,laboratory,8k,-,Academic,academic,no,,"@article{diaz2022,
  title={Population size influence on the energy consumption of genetic programming},
  author={D{\'\i}az-{\'A}lvarez, Josefa and Castillo, Pedro A and Fern{\'a}ndez de Vega, Francisco and Ch{\'a}vez, Francisco and Alvarado, Jorge},
  journal={Measurement and Control},
  pages={00202940211064471},
  year={2022},
  publisher={SAGE Publications Sage UK: London, England}
}",,
Rob,77,SECure: a social and environmental certificate for AI Systems.,,MD4SG 2020 Workshop,,W,2020,ecological footprint,position,ethics,general,-,all,all,none,-,-,Academic,policy makers,no,,"@article{Gupta2020Jun,
        author = {Gupta, Abhishek and Lanteigne, Camylle and Kingsley, Sara},
        title = {{SECure: A Social and Environmental Certificate for AI Systems}},
        journal = {ICML 2020 Challenges in Deploying and monitoring Machine Learning Systems Workshop},
        year = {2020},
        month = jun,
        eprint = {2006.06217},
        doi = {10.48550/arXiv.2006.06217}
}",,
Rob,78,A power-aware digital feedforward neural network platform with backpropagation driven approximate synapses,"J. Kung, D. Kim, and S. Mukhopadhyay",IEEE/ACM International Symposium on Low Power Electronics and Design,,C,2015,energy efficiency,solution,hyperparameter-tuning,general,-,algorithm - neural network,training,laboratory,-,38%,Academic,academic,no,,"@inproceedings{kung2015,
  title={A power-aware digital feedforward neural network platform with backpropagation driven approximate synapses},
  author={Kung, Jaeha and Kim, Duckhwan and Mukhopadhyay, Saibal},
  booktitle={2015 IEEE/ACM International Symposium on Low Power Electronics and Design (ISLPED)},
  pages={85--90},
  year={2015},
  organization={IEEE}
}",,
Rob,80,Designing adaptive neural networks for energy-constrained image classification,"Stamoulis, D., Chin, T. W. R., Prakash, A. K., Fang, H., Sajja, S., Bognar, M., & Marculescu, D.",IEEE/ACM International Conference on Computer-Aided Design,,C,2018,energy efficiency,solution,hyperparameter-tuning,general,image,algorithm - convolutional neural network,inference,laboratory,60k,83%,Academic,academic,no,,"@inproceedings{stamoulis2018,
  title={Designing adaptive neural networks for energy-constrained image classification},
  author={Stamoulis, Dimitrios and Chin, Ting-Wu Rudy and Prakash, Anand Krishnan and Fang, Haocheng and Sajja, Sribhuvan and Bognar, Mitchell and Marculescu, Diana},
  booktitle={2018 IEEE/ACM International Conference on Computer-Aided Design (ICCAD)},
  pages={1--8},
  year={2018},
  organization={ACM}
}",,
Rob,81,DeepEmote: Towards multi-layer neural networks in a low power wearable multi-sensors bracelet,"Magno, M., Pritz, M., Mayer, P., & Benini, L. ",IEEE International Workshop on Advances in Sensors and Interfaces,,W,2017,energy efficiency,solution,hyperparameter-tuning,wereables,image,algorithm - deep neural network,training,laboratory,3.5k,-,Academic,academic,no,,"@inproceedings{magno2017,
  title={DeepEmote: Towards multi-layer neural networks in a low power wearable multi-sensors bracelet},
  author={Magno, Michele and Pritz, Michael and Mayer, Philipp and Benini, Luca},
  booktitle={2017 7th IEEE International Workshop on Advances in Sensors and Interfaces (IWASI)},
  pages={32--37},
  year={2017},
  organization={IEEE}
}",,
Rob,82,Evaluating the power efficiency of deep learning inference on embedded GPU systems,"Rungsuptaweekoon, K., Visoottiviseth, V., & Takano, R.",International Conference on Information Technology,,C,2017,energy efficiency,solution,algorithm-design,edge,image,algorithm - deep neural network,training,field experiment,-,-,Academic,academic,no,,"@inproceedings{rungsuptaweekoon2017,
  title={Evaluating the power efficiency of deep learning inference on embedded GPU systems},
  author={Rungsuptaweekoon, Kanokwan and Visoottiviseth, Vasaka and Takano, Ryousei},
  booktitle={2017 2nd International Conference on Information Technology (INCIT)},
  pages={1--5},
  year={2017},
  organization={IEEE}
}",,
Rob,83,Exploring Energy and Accuracy Tradeoff in Structure Simplification of Trained Deep Neural Networks,"Zhang, Boyu, Azadeh Davoodi, and Yu Hen Hu",IEEE Journal on Emerging and Selected Topics in Circuits and Systems,,J,2018,energy efficiency,solution,"precision-energy-tradeoff, hyperparameter-tuning, model-simplification",general,image,algorithm - deep neural network,training,laboratory,140k,115%,Academic,academic,no,,"@article{zhang2018,
  title={Exploring energy and accuracy tradeoff in structure simplification of trained deep neural networks},
  author={Zhang, Boyu and Davoodi, Azadeh and Hu, Yu Hen},
  journal={IEEE Journal on Emerging and Selected Topics in Circuits and Systems},
  volume={8},
  number={4},
  pages={836--848},
  year={2018},
  publisher={IEEE}
}",,
Rob,84,Understanding the impact of precision quantization on the accuracy and energy of neural networks,"S. Hashemi, N. Anthony, H. Tann, R. I. Bahar and S. Reda",IEEE Design Autom. Test Eur. Conf. Exhib,,C,2016,energy efficiency,observational,"precision-energy-tradeoff, hyperparameter-tuning",general,image,algorithm - deep neural network,training,laboratory,740k,84%,Academic,academic,no,,"@inproceedings{hashemi2017,
  title={Understanding the impact of precision quantization on the accuracy and energy of neural networks},
  author={Hashemi, Soheil and Anthony, Nicholas and Tann, Hokchhay and Bahar, R Iris and Reda, Sherief},
  booktitle={Design, Automation \& Test in Europe Conference \& Exhibition (DATE), 2017},
  pages={1474--1479},
  year={2017},
  organization={IEEE}
}",,
Rob,85,NeuPart: Using analytical models to drive energy-efficient partitioning of CNN computations on cloud-connected mobile clients,"Manasi, S. D., Snigdha, F. S., & Sapatnekar, S. S.",IEEE Transactions on Very Large Scale Integration (VLSI) Systems,,J,2020,energy efficiency,solution,deployment,"cloud, mobile",image,algorithm - convolutional neural network,inference,computer simulation,-,73.40%,Academic,academic,no,,"@article{manasi2020,
  title={NeuPart: Using analytical models to drive energy-efficient partitioning of CNN computations on cloud-connected mobile clients},
  author={Manasi, Susmita Dey and Snigdha, Farhana Sharmin and Sapatnekar, Sachin S},
  journal={IEEE Transactions on Very Large Scale Integration (VLSI) Systems},
  volume={28},
  number={8},
  pages={1844--1857},
  year={2020},
  publisher={IEEE}
}",,
Rob,86,VLSI design of tree-based inference for low-power learning applications,"Abreu, B. A., Grellert, M., & Bampi, S.",IEEE International Symposium on Circuits and Systems ,,C,2020,energy efficiency,solution,"precision-energy-tradeoff, hyperparameter-tuning",general,image,algorithm - decision tree,training,laboratory,-,97%,Academic,academic,no,,"@inproceedings{abreu2020,
  title={VLSI design of tree-based inference for low-power learning applications},
  author={Abreu, Brunno A and Grellert, Mateus and Bampi, Sergio},
  booktitle={2020 IEEE International Symposium on Circuits and Systems (ISCAS)},
  pages={1--5},
  year={2020},
  organization={IEEE}
}",,
Rob,87,A framework for designing power-efficient inference accelerators in tree-based learning applications,"Abreu, B., Grellert, M., & Bampi, S.",Engineering Applications of Artificial Intelligence,,J,2022,energy efficiency,solution,deployment,embedded-systems,numeric,algorithm - decision tree,inference,laboratory,735k,-,Academic,academic,no,,"@article{abreu2022,
  title={A framework for designing power-efficient inference accelerators in tree-based learning applications},
  author={Abreu, Brunno and Grellert, Mateus and Bampi, Sergio},
  journal={Engineering Applications of Artificial Intelligence},
  volume={109},
  pages={104638},
  year={2022},
  publisher={Elsevier}
}",,
Rob,89,Espnetv2: A light-weight power efficient and general purpose convolutional neural network,"S. Mehta, M. Rastegari, L. Shapiro and H. Hajishirzi",Proceedings of the IEEE Conference on Computer Vision and Pattern Recognition,,C,2019,energy efficiency,solution,algorithm-design,general,image,algorithm - convolutional neural network,training,laboratory,1.2M,-,Mix,academic,yes,,"@inproceedings{mehta2019,
  title={Espnetv2: A light-weight, power efficient, and general purpose convolutional neural network},
  author={Mehta, Sachin and Rastegari, Mohammad and Shapiro, Linda and Hajishirzi, Hannaneh},
  booktitle={Proceedings of the IEEE/CVF conference on computer vision and pattern recognition},
  pages={9190--9200},
  year={2019}
}",,
Rob,91,E2M: an energy-efficient middleware for computer vision applications on autonomous mobile robots,"Liangkai Liu, Jiamin Chen, Marco Brocanelli, Weisong Shi",ACM/IEEE Symposium on Edge Computing,,W,2019,energy efficiency,solution,libraries,edge,video,framework,training,field experiment,-,24%,Academic,academic,no,,"@inproceedings{liu2019,
  title={E2M: an energy-efficient middleware for computer vision applications on autonomous mobile robots},
  author={Liu, Liangkai and Chen, Jiamin and Brocanelli, Marco and Shi, Weisong},
  booktitle={Proceedings of the 4th ACM/IEEE Symposium on Edge Computing},
  pages={59--73},
  year={2019}
}",,
Rob,92,Energy-Efficient AI over a Virtualized Cloud Fog Network,"Barzan A. Yosuf, Sanaa H. Mohamed, Mohammed M. Alenazi, Taisir E. H. El-Gorashi,  Jaafar M. H. Elmirghan",International Conference on Future Energy SystemsJune 2021 Pages 328–,,C,2021,energy efficiency,solution,deployment,edge,-,algorithm - deep neural network,all,computer simulation,-,91%,Academic,academic,no,,"@inproceedings{yosuf2021,
  title={Energy-Efficient AI over a Virtualized Cloud Fog Network},
  author={Yosuf, Barzan A and Mohamed, Sanaa H and Alenazi, Mohammed M and El-Gorashi, Taisir EH and Elmirghani, Jaafar MH},
  booktitle={Proceedings of the Twelfth ACM International Conference on Future Energy Systems},
  pages={328--334},
  year={2021}
}",,
Rob,97,Analysing the energy impact of different optimisations for machine learning models,"Gutiérrez, M., Moraga, M. Á., & García, F.",International Conference on ICT for Sustainability (ICT4S),,C,2022,energy efficiency,observational,"monitoring, model-comparison, precision-energy-tradeoff",general,number,algorithm - logistic regression model,training,laboratory,285k,-,Academic,mix,no,,"@inproceedings{gutierrez2022,
  title={Analysing the energy impact of different optimisations for machine learning models},
  author={Guti{\'e}rrez, Mar{\'\i}a and Moraga, Ma {\'A}ngeles and Garc{\'\i}a, F{\'e}lix},
  booktitle={2022 International Conference on ICT for Sustainability (ICT4S)},
  pages={46--52},
  year={2022},
  organization={IEEE}
}",,
Rob,98,Exploration and systematic assessment of the resource efficiency of Machine Learning,"Guldner, A., Kreten, S., & Naumann, S.",INFORMATIK 2021,,C,2021,ecological footprint,solution,"monitoring, tool",general,image,pipeline,all,laboratory,3.6k,-,Academic,mix,yes,,"@inproceedings{guldner2021,
  title={Exploration and systematic assessment of the resource efficiency of Machine Learning.},
  author={Guldner, Achim and Kreten, Sandro and Naumann, Stefan},
  booktitle={GI-Jahrestagung},
  pages={287--299},
  year={2021}
}",,
Rob,100,Evaluating the carbon footprint of NLP methods: a survey and analysis of existing tools,"Nesrine Bannour, Sahar Ghannay, Aurélie Névéol, Anne-Laure Ligozat.","EMNLP, Workshop SustaiNLP",,W,2021,carbon footprint,observational,"model-comparison, monitoring",general,NLP,algorithm,all,laboratory,1.2k,-,Academic,mix,no,,"@inproceedings{bannour2021evaluating,
  title={Evaluating the carbon footprint of NLP methods: a survey and analysis of existing tools},
  author={Bannour, Nesrine and Ghannay, Sahar and N{\'e}v{\'e}ol, Aur{\'e}lie and Ligozat, Anne-Laure},
  booktitle={EMNLP, Workshop SustaiNLP},
  year={2021}
}",,
Rob,101, Green Prospective for Learned Post-Processing in Sparse-View Tomographic Reconstruction,"Morotti, E., Evangelista, D., & Loli Piccolomini, E.",Imaging,,J,2021,energy efficiency,solution,algorithm-design,general,image,algorithm - neural network,training,laboratory,-,-,Academic,academic,yes,,"@article{morotti2021,
  title={A green prospective for learned post-processing in sparse-view tomographic reconstruction},
  author={Morotti, Elena and Evangelista, Davide and Loli Piccolomini, Elena},
  journal={Journal of Imaging},
  volume={7},
  number={8},
  pages={139},
  year={2021},
  publisher={MDPI}
}",,
Rob,102,AutoScale: Energy Efficiency Optimization for Stochastic Edge Inference Using Reinforcement Learning. ,"Kim, Y. G., & Wu, C.-J. .",2020 53rd Annual IEEE/ACM International Symposium on Microarchitecture (MICRO),,C,2020,energy efficiency,solution,"deployment, network architecture",edge,-,algorithm - deep neural network,inference,laboratory,-,-,Mix ,academic,yes,,"@inproceedings{kim2020,
  title={Autoscale: Energy efficiency optimization for stochastic edge inference using reinforcement learning},
  author={Kim, Young Geun and Wu, Carole-Jean},
  booktitle={2020 53rd Annual IEEE/ACM International Symposium on Microarchitecture (MICRO)},
  pages={1082--1096},
  year={2020},
  organization={IEEE}
}",,
Rob,103,Energy-based tuning of convolutional neural networks on multi-GPUs.,"Castro, F. M., Guil, N., Marín-Jiménez, M. J., Pérez-Serrano, J., & Ujaldón, M.",Concurrency Computat. Pract. Exper.,,J,2019,energy efficiency,observational,hyperparameter-tuning,computer vision,"image, video",algorithm - convolutional neural network,training,laboratory,"1,4M",-,Academic,academic,no,,"@article{castro2019,
  title={Energy-based tuning of convolutional neural networks on multi-GPUs},
  author={Castro, Francisco M and Guil, Nicol{\'a}s and Mar{\'\i}n-Jim{\'e}nez, Manuel J and P{\'e}rez-Serrano, Jes{\'u}s and Ujald{\'o}n, Manuel},
  journal={Concurrency and Computation: Practice and Experience},
  volume={31},
  number={21},
  pages={e4786},
  year={2019},
  publisher={Wiley Online Library}
}",,
Rob,104,"Evaluating Performance, Power and Energy of Deep Neural Networks on CPUs and GPUs. ","Sun, Y., Ou, Z., Chen, J., Qi, X., Guo, Y., Cai, S., & Yan, X.",Theoretical Computer Science.,,C,2021,energy efficiency,observational,"model-comparison, libraries, hyperparameter-tuning",general,text,algorithm - deep neural network,training,laboratory,-,-,Academic,academic,no,,"@inproceedings{sun2021evaluating,
  title={Evaluating Performance, Power and Energy of Deep Neural Networks on CPUs and GPUs},
  author={Sun, Yuyang and Ou, Zhixin and Chen, Juan and Qi, Xinxin and Guo, Yifei and Cai, Shunzhe and Yan, Xiaoming},
  booktitle={National Conference of Theoretical Computer Science},
  pages={196--221},
  year={2021},
  organization={Springer}
}",,
Rob,106,PredJoule: A Timing-Predictable Energy Optimization Framework for Deep Neural Networks,"S. Bateni, H. Zhou, Y. Zhu, and C. Liu.",RealTime Systems Symposium (RTSS).,,C,2018,energy efficiency,solution,"deployment, tool, model-comparison",autonomous driving,-,algorithm - deep neural network,inference,laboratory,-,68%,Academic,academic,no,,"@inproceedings{bateni2018,
  title={Predjoule: A timing-predictable energy optimization framework for deep neural networks},
  author={Bateni, Soroush and Zhou, Husheng and Zhu, Yuankun and Liu, Cong},
  booktitle={2018 IEEE Real-Time Systems Symposium (RTSS)},
  pages={107--118},
  year={2018},
  organization={IEEE}
}",,
Rob,107,ALERT: Accurate Learning for Energy and Timeliness,"Chengcheng Wan, Muhammad Santriaji, Eri Rogers, Henry Hoffmann, Michael Maire, and Shan Lu",USENIX Annual Technical Conference.,,C,2020,energy efficiency,solution,"deployment, estimation",edge,image,algorithm - deep neural network,inference,laboratory,50k,13%,Academic,academic,no,,"@inproceedings{wan2020,
  title={$\{$ALERT$\}$: Accurate learning for energy and timeliness},
  author={Wan, Chengcheng and Santriaji, Muhammad and Rogers, Eri and Hoffmann, Henry and Maire, Michael and Lu, Shan},
  booktitle={2020 USENIX Annual Technical Conference (USENIX ATC 20)},
  pages={353--369},
  year={2020}
}",,
Rob,108,"Recent Efficiency Gains in Deep Learning: Performance, Power, and Sustainability",Miro Hodak; Ajay Dholakia,IEEE International Conference on Big Data (Big Data),,C,2021,energy efficiency,observational,algorithm-design,general,image,algorithm - deep learning ,training,laboratory,"1,3M",-,Industrial,academic,no,,"@inproceedings{hodak2021,
  title={Recent Efficiency Gains in Deep Learning: Performance, Power, and Sustainability},
  author={Hodak, Miro and Dholakia, Ajay},
  booktitle={2021 IEEE International Conference on Big Data (Big Data)},
  pages={2040--2045},
  year={2021},
  organization={IEEE}
}",,
Rob,109,Energy Efficient Federated Learning Over Wireless Communication Networks,"Yang, Zhaohui, Mingzhe Chen, Walid Saad, Choong Seon Hong, and Mohammad Shikh-Bahaei.",IEEE Transactions on Wireless Communications,,J,2020,energy efficiency,solution,"deployment, network architecture",edge,text,algorithm - general,training,laboratory,60k,59.50%,Academic,academic,no,,"@article{yang2020,
  title={Energy efficient federated learning over wireless communication networks},
  author={Yang, Zhaohui and Chen, Mingzhe and Saad, Walid and Hong, Choong Seon and Shikh-Bahaei, Mohammad},
  journal={IEEE Transactions on Wireless Communications},
  volume={20},
  number={3},
  pages={1935--1949},
  year={2020},
  publisher={IEEE}
}",,
Rob,111,The carbon impact of artificial intelligence,Payal Dhar,Nature,,J,2020,carbon footprint,position,"emissions, monitoring, policy",general,-,all,all,none,-,-,Industrial,general,no,,"@article{dhar2020,
  title={The carbon impact of artificial intelligence.},
  author={Dhar, Payal},
  journal={Nat. Mach. Intell.},
  volume={2},
  number={8},
  pages={423--425},
  year={2020}
}",,
Rob,112,IrEne: Interpretable energy prediction for transformers,"Cao, Qingqing, Yash Kumar Lal, Harsh Trivedi, Aruna Balasubramanian, and Niranjan Balasubramanian",Annual Meeting of the Association for Computational Linguistics,,C,2021,energy efficiency,solution,"monitoring, estimation, tool",NLP,-,algorithm - transformer,inference,laboratory,-,-,Academic,academic,yes,,"@article{Cao,
  title        = {IrEne: Interpretable Energy Prediction for 
Transformers},
  url          = {https://par.nsf.gov/biblio/10297211},
  DOI          = {10.18653/v1/2021.acl-long.167}, journal      = {Proceedings of the 59th Annual Meeting of the 
Association for Computational Linguistics and the 11th International 
Joint Conference on Natural Language Processing (Volume 1: Long 
Papers)},
  author       = {Cao, Qingqing and Lal, Yash Kumar and Trivedi, Harsh 
and Balasubramanian, Aruna and Balasubramanian, Niranjan},
  year = {2021},
}",,
Rob,113,Energy-Aware Analog Aggregation for Federated Learning with Redundant Data,"Y. Sun, S. Zhou and D. Gündüz",IEEE International Conference on Communications (ICC),,C,2020,energy efficiency,solution,deployment,edge,-,all,all,laboratory,70k,-,Academic,academic,no,,"@inproceedings{sun2020,
  title={Energy-aware analog aggregation for federated learning with redundant data},
  author={Sun, Yuxuan and Zhou, Sheng and G{\""u}nd{\""u}z, Deniz},
  booktitle={ICC 2020-2020 IEEE International Conference on Communications (ICC)},
  pages={1--7},
  year={2020},
  organization={IEEE}
}",,
Rob,114,Optimizing the energy consumption of spiking neural networks for neuromorphic applications,"M Sorbaro, Q Liu, M Bortone, S Sheik",Frontiers in neuroscience,,J,2020,energy efficiency,solution,algorithm-design,general,image,algorithm - spiking neural network,training,laboratory,10k,-,Mix ,academic,no,,"@article{sorbaro2020,
  title={Optimizing the energy consumption of spiking neural networks for neuromorphic applications},
  author={Sorbaro, Martino and Liu, Qian and Bortone, Massimo and Sheik, Sadique},
  journal={Frontiers in neuroscience},
  volume={14},
  pages={662},
  year={2020},
  publisher={Frontiers Media SA}
}",,
Rob,115,Sustainability challenges of Artificial Intelligence and Policy Implications,"F Rohde, M Gossen, J Wagner…",Ökologisches Wirtschaften-Fachzeitschrift ,,J,2021,"carbon footprint, energy efficiency, ecological footprint",position,"ethics, policy",general,-,all,all,none,-,-,Academic,general,no,,"@article{rohde2021
  title={Sustainability challenges of Artificial Intelligence and Policy Implications},
  author={Rohde, Friederike and Gossen, Maike and Wagner, Josephin and Santarius, Tilman},
  journal={{\""O}kologisches Wirtschaften-Fachzeitschrift},
  volume={36},
  number={O1},
  pages={36--40},
  year={2021}
}",,
Rob,116,Design and optimization of energy-accuracy tradeoff networks for mobile platforms via pretrained deep models,"NK Jayakodi, S Belakaria, A Deshwal…",ACM Transactions on Embedded Computing Systems (TECS),,J,2020,energy efficiency,solution,"precision-energy-tradeoff, deployment",edge,image,algorithm - deep neural network,inference,laboratory,"1,3M",50%,Academic,academic,no,,"@article{jayakodi2020,
  title={Design and optimization of energy-accuracy tradeoff networks for mobile platforms via pretrained deep models},
  author={Jayakodi, Nitthilan Kanappan and Belakaria, Syrine and Deshwal, Aryan and Doppa, Janardhan Rao},
  journal={ACM Transactions on Embedded Computing Systems (TECS)},
  volume={19},
  number={1},
  pages={1--24},
  year={2020},
  publisher={ACM New York, NY, USA}
}",,
Rob,117,Energy-Aware DNN Graph Optimization,"Y Wang, R Ge, S Qiu",Resource-Constrained Machine Learning (ReCoML),,W,2020,energy efficiency,solution,precision-energy-tradeoff,general,-,algorithm - deep neural network,inference,laboratory,-,24%,Academic,academic,yes,,"@article{Wang2020May,
        author = {Wang, Yu and Ge, Rong and Qiu, Shuang},
        title = {{Energy-Aware DNN Graph Optimization}},
        journal = {Resource-Constrained Machine Learning (ReCoML) Workshop of
MLSys 2020 Conference},
        year = {2020},
        month = may,
        eprint = {2005.05837},
        doi = {10.48550/arXiv.2005.05837}, place={Austin, TX, USA.},
}  ",,
Rob,118,Energy-constrained compression for deep neural networks via weighted sparse projection and layer input masking,"H Yang, Y Zhu, J Liu",International Conference on Learning Representations,,C,2018,energy efficiency,solution,"algorithm-design, hyperparameter-tuning",edge,image,algorithm - deep neural network,training,laboratory,-,-,Mix ,academic,yes,,"@article{yang2019,
  title={Energy-constrained compression for deep neural networks via weighted sparse projection and layer input masking},
  author={Yang, Haichuan and Zhu, Yuhao and Liu, Ji},
  journal={nternational Conference on Learning Representations (ICLR)},
  year={2019}
}",,
Rob,119,Energy-harvesting distributed machine learning,"B Güler, A Yener",2021 IEEE International Symposium on Information Theory (ISIT),,C,2021,energy efficiency,solution,"deployment, network architecture",edge,image,algorithm - stochastic gradient descent,training,laboratory,-,-,Academic,academic,no,,"@inproceedings{guler2021
  title={Energy-harvesting distributed machine learning},
  author={G{\""u}ler, Ba{\c{s}}ak and Yener, Aylin},
  booktitle={2021 IEEE International Symposium on Information Theory (ISIT)},
  pages={320--325},
  year={2021},
  organization={IEEE}
}",,